번호,장소,지역,주소,구분,위도,경도,전화번호
1,강릉안반데기관광농원,강릉,강원 강릉시  왕산면 안반데기1길 203,관광지,37.608741,128.7400255,033-644-8552
2,강릉커피거리,강릉,강원 강릉시 창해로14번길 20-1,관광지,37.7726047,128.9473387,033-640-4531
3,강릉항,강릉,강원 강릉시 창해로14번길 55-11,관광지,37.77138691,128.9517288,
4,강문솟대다리,강릉,강원 강릉시 강문동 248-4,관광지,37.79777324,128.9167459,033-660-3864
5,강문해변,강릉,강원 강릉시 강문동 159-43,관광지,37.7947547,128.9188938,033-640-4920
6,경포해변,강릉,강원 강릉시 강문동 산1,관광지,37.80239228,128.911058,033-640-4531
7,드라마 도깨비 촬영지,강릉,강원 강릉시 주문진읍 해안로 1609,관광지,37.87955349,128.8335571,
8,따스네(ddasne),강릉,강원 강릉시 창해로 14번길 64,관광지,37.77039067,128.9514353,
9,모래시계공원,강릉,강원 강릉시 헌화로 990-1,관광지,37.68694189,129.0375958,033-640-4536
10,사근진해변,강릉,강원 강릉시 해안로604번길 16,관광지,37.81272232,128.8988738,033-640-4925
11,사근진해중공원 전망대,강릉,강원 강릉시 해안로604번길 16,관광지,37.81272232,128.8988738,033-640-4531
12,사천진항,강릉,강원 강릉시 사천면 진리해변길 68-23,관광지,37.83680428,128.8781344,033-640-4414
13,사천해변,강릉,강원 강릉시 사천면 방동리 산282-6,관광지,37.82998357,128.8779563,033-640-4144
14,소돌해변,강릉,강원 강릉시 주문진읍 주문리 800-3,관광지,37.90680516,128.8266664,033-661-5692
15,송정해변,강릉,강원 강릉시 송정길30번안길 20-3,관광지,37.77685135,128.9381278,033-640-4922
16,순긋해변,강릉,강원 강릉시 안현동 224,관광지,37.81535728,128.8945213,033-640-4414
17,순포해변,강릉,강원 강릉시 사천면 산대월리 산 1,관광지,37.82284256,128.8859931,033-640-4757
18,아들바위공원,강릉,강원 강릉시 주문진읍 주문리 791-47,관광지,37.90588059,128.8301068,033-640-4535
19,안목해변,강릉,강원 강릉시 창해로14번길 20-1,관광지,37.7726047,128.9473387,033-660-3887
20,안인항,강릉,강원 강릉시 강동면 안인진길 47,관광지,37.73608823,128.9885912,033-660-3598
21,영진항,강릉,강원 강릉시 연곡면 영진리 2-3,관광지,37.86785264,128.848319,033-662-5254
22,영진해변,강릉,강원 강릉시 연곡면 영진리 72-2,관광지,37.86895106,128.8450214,033-640-5422
23,월화거리,강릉,강원 강릉시 경강로 2111,관광지,37.75589591,128.8974541,033-640-5643
24,정동진,강릉,강원 강릉시 강동면 정동역길 17,관광지,37.6913387,129.0328303,033-640-4537
25,주문진항,강릉,강원 강릉시 주문진읍 해안로 1758-22,관광지,37.89220474,128.8302267,033-662-3639
26,주문진해변,강릉,강원 강릉시 주문진읍 주문북로 210,관광지,37.91013153,128.8176761,033-640-4535
27,하평해변,강릉,강원 강릉시 사천면 진리해변길 155,관광지,37.84414441,128.8719606,033-660-3657
28,24시보듬동물병원,강릉,강원 강릉시 경강로 2070,동물병원,37.75320476,128.8940373,033-655-7975
29,강릉동물병원,강릉,강원 강릉시 옥가로 18,동물병원,37.75786009,128.8994287,
30,나은동물병원,강릉,강원 강릉시 교동광장로100번길 8-12 나은동물병원,동물병원,37.76516836,128.877234,033-642-7587
31,도그빌동물병원,강릉,강원 강릉시 명륜로 23-1 도그빌동물병원,동물병원,37.7621384,128.8959425,033-645-2289
32,베스트동물병원,강릉,강원 강릉시 경강로 2129,동물병원,37.75695756,128.8991645,033-922-7582
33,아이즈동물병원,강릉,강원 강릉시 옥가로 22,동물병원,37.7582074,128.899471,033-646-8841
34,애견종합동물병원,강릉,강원 강릉시 경강로 2130,동물병원,37.75655035,128.899418,033-647-8575
35,위드동물병원,강릉,강원 강릉시 선수촌로63번길 18-7 1층,동물병원,37.75704766,128.8683395,033-645-5575
36,주주동물병원,강릉,강원 강릉시 성덕포남로 105,동물병원,37.76299141,128.9146523,033-652-0075
37,중앙동물병원,강릉,강원 강릉시 주문진읍 연주로 308-1,동물병원,37.87993591,128.8267844,
38,하슬라동물병원,강릉,강원 강릉시 하슬라로 131,동물병원,37.76179247,128.8733166,033-645-7585
39,행복한종합동물병원,강릉,강원 강릉시 경강로 2142,동물병원,37.75729132,128.9002933,033-648-7533
40,SL호텔 강릉,강릉,강원 강릉시 주문진읍 주문로 59,숙박,37.88921425,128.8254362,033-920-1800
41,강릉 로뎀나무 펜션,강릉,강원 강릉시 해안로621번길 12 (안현동),숙박,37.81182006,128.898001,
42,경포도도애견펜션,강릉,강원 강릉시 하남길 197-15,숙박,37.80811754,128.8856929,
43,경포코지펜션,강릉,강원 강릉시 난설헌로219번길 22,숙박,37.7943162,128.9134831,
44,곰앤패들보드 캠핑장,강릉,강원 강릉시 해안로 656-1,숙박,37.81494301,128.8953316,
45,까사초당,강릉,강원 강릉시 초당원길 69-1,숙박,37.78718309,128.9135012,
46,나인원펜션,강릉,강원 강릉시 안현로 114-12,숙박,37.80251456,128.8705461,
47,더 다온,강릉,강원 강릉시 율곡로 2886,숙박,37.76089132,128.8946351,
48,디어먼데이 강릉 세인트존스호텔점,강릉,"강원 강릉시 창해로 307, 세인트존스호텔 16층",숙박,37.79128002,128.9209319,
49,바다와펜션,강릉,강원 강릉시 사천면 해안로 1081,숙박,37.84538047,128.8693111,
50,블루앤펫,강릉,강원 강릉시 창해로350번길 25 블루앤펫,숙박,37.79631596,128.9171615,
51,세인트존스호텔,강릉,강원 강릉시 창해로 307,숙박,37.79128075,128.9209314,033-660-9000
52,송림315,강릉,강원 강릉시 연곡면 진고개로 2538,숙박,37.85475844,128.8169774,
53,오늘은바다 애견펜션,강릉,강원 강릉시 사천면 해안로 904-11,숙박,37.83192392,128.875829,
54,카리스펜션,강릉,강원 강릉시 연곡면 해안로 1279,숙박,37.85730937,128.8528343,
55,코스테펜션,강릉,강원 강릉시 사천면 해안로 725-2,숙박,37.81954098,128.8895007,
56,파인힐 애견펜션,강릉,강원 강릉시 연곡면 동해대로 4371-27,숙박,37.86920213,128.831634,
57,펜션지아니,강릉,강원 강릉시 강동면 정동3길 32-11,숙박,37.6859321,129.0343021,
58,프렌즈애견펜션,강릉,강원 강릉시 하남길 117-4,숙박,37.81174697,128.8805411,
59,해피몽펜션,강릉,강원 강릉시 성산면 삼왕길 171-13,숙박,37.7563505,128.7942527,
60,1938슬로우,강릉,강원 강릉시 임영로141번길 4-6 1938slow,식음료,37.75394887,128.8910699,033-646-4649
61,갈매기다방,강릉,강원 강릉시 연곡면 영진길 63 1층,식음료,37.8702987,128.8429918,
62,고심쌀롱,강릉,강원 강릉시 사천면 진리해변길 131 2층,식음료,37.8424615,128.8737648,
63,고씨네동해막국수 강릉본점,강릉,강원 강릉시 창해로350번길 25 1층,식음료,37.7963158,128.9171596,
64,댕댕클럽,강릉,강원 강릉시 사임당로 141 4층,식음료,37.75729621,128.8654626,
65,덴켄,강릉,강원 강릉시 창해로350번길 5,식음료,37.79493758,128.9184678,-
66,르꼬따쥬,강릉,강원 강릉시 한밭골길 50-11,식음료,37.78752821,128.8642767,
67,마마타타,강릉,강원 강릉시 경포로 33-25 2층,식음료,37.77371474,128.8787493,
68,만선포차,강릉,강원 강릉시 하슬라로206번길 12-7,식음료,37.76722151,128.8769942,
69,바다텃밭Lab,강릉,강원 강릉시 경강로 2015 2층,식음료,37.74958813,128.8903084,
70,브라질,강릉,강원 강릉시 연곡면 해안로 1439,식음료,37.86826637,128.8463119,033-662-1259
71,세레니타,강릉,강원 강릉시 율곡로 3034,식음료,37.7731495,128.8902565,
72,스웨이,강릉,강원 강릉시 경포로 489-6 2층,식음료,37.80401734,128.9047552,
73,신리광장,강릉,강원 강릉시 주문진읍 신리천로 79,식음료,37.88264744,128.8224081,
74,썸머키친,강릉,강원 강릉시 죽헌길 67-6,식음료,37.77494514,128.8750889,
75,에이엠브레드앤커피,강릉,강원 강릉시 창해로14번길 24,식음료,37.77232609,128.9475336,
76,엔드 투 앤드,강릉,강원 강릉시 창해로 245,식음료,37.78741682,128.9260163,
77,엠꼼마카롱,강릉,강원 강릉시 저동골길 40-13 1층,식음료,37.79964445,128.8947458,
78,영진횟집,강릉,강원 강릉시 연곡면 해안로 1427,식음료,37.86797609,128.847462,033-662-7979
79,옛날초당순두부,강릉,강원 강릉시 운정길 141,식음료,37.78670555,128.8927564,
80,오버웨잇 강릉본점,강릉,강원 강릉시 경포로371번길 11,식음료,37.79620112,128.8961822,
81,조개공장,강릉,강원 강릉시 창해로 263,식음료,37.7884408,128.924484,
82,체크이스트,강릉,강원 강릉시 강변북길 153,식음료,37.76619051,128.9129247,
83,카페 덕덕,강릉,강원 강릉시 난설헌로 219번길 20-5,식음료,37.79429638,128.9139488,
84,카페루아,강릉,강원 강릉시 주문진읍 아래강정길 8-47 카페루아,식음료,37.9076199,128.8030869,
85,카페명경,강릉,강원 강릉시 청량학동길 1-3,식음료,37.74777743,128.9114431,
86,키크러스 강릉점,강릉,강원 강릉시 창해로14번길 48-1,식음료,37.77081561,128.9495741,
87,패티김 강릉,강릉,"강원 강릉시 난설헌로 201, 1층",식음료,37.79121422,128.9117993,
88,피앤비코,강릉,강원 강릉시 창해로14번길 22-1,식음료,37.77244957,128.9473991,033-651-2600
89,화이트크로우 탭하우스,강릉,강원 강릉시 관솔길12번길 14-3,식음료,37.73997682,128.8676215,
90,멍앤서프,강릉,강원 강릉시 송정동 963-2,체험,37.78701374,128.9270267,
91,세인트존스호텔 파인 인피니티풀,강릉,강원 강릉시 창해로 307,체험,37.79128075,128.9209314,033-660-9000
92,안목 펫비치,강릉,강원 강릉시 창해로14번길 20-1,체험,37.7726047,128.9473387,033-640-5428
93,하슬라아트월드,강릉,강원 강릉시 강동면 율곡로 1441,체험,37.70545629,129.0078449,033-644-9411
94,명파해변,고성,강원 고성군 현내면 명파리 230-29,관광지,38.54353862,128.4054307,033-680-3356
95,반비치,고성,강원 고성군 거진읍 반암리 53-1번지 선,관광지,38.42467611,128.4607666,
96,아야진 해변,고성,강원 고성군 토성면 아야진해변길 157,관광지,38.27651142,128.5527621,033-680-3356
97,통일전망대,고성,강원 고성군 현내면 금강산로 481,관광지,38.51441872,128.4166567,033-682-0088
98,고성동물병원,고성,강원 고성군 간성북로7번길 18,동물병원,38.38071356,128.4702185,033-681-2132
99,멍스테이,고성,강원 고성군 죽왕면 백도해변길 78,숙박,38.30184159,128.545239,
100,명파해변오토캠핑장,고성,강원 고성군 현내면 명파4길 47,숙박,38.54351143,128.405302,
101,바닷가펜션,고성,강원 고성군 죽왕면 천학정길 65,숙박,38.29401812,128.5474365,
102,보니블루 애견펜션,고성,강원 고성군 죽왕면 자작도선사길 130-24,숙박,38.305553,128.5400691,
103,설악의정원,고성,강원 고성군 토성면 용원로 595,숙박,38.21458163,128.5173767,
104,숲속의 정원,고성,강원 고성군 죽왕면 곡실평길 332,숙박,38.30653348,128.4897148,
105,오션투유리조트 속초설악비치 호텔앤콘도,고성,강원 고성군 죽왕면 삼포해변길 9,숙박,38.31704543,128.5310817,
106,켄싱턴리조트 설악밸리,고성,강원 고성군 토성면 신평골길 8-25 웰컴센터,숙박,38.22841247,128.4896882,033-633-0100
107,글라스하우스,고성,강원 고성군 토성면 천진해변길 43,식음료,38.26061724,128.5598592,
108,마추깡 카페,고성,강원 고성군 거진읍 해오름해변길 117,식음료,38.43889946,128.4539336,033-682-3050
109,미픽펍,고성,강원 고성군 죽왕면 삼포해변길 11-8 C동 미픽펍,식음료,38.31705029,128.5316338,
110,스퀘어루트,고성,강원 고성군 죽왕면 가향길 2-7,식음료,38.37526326,128.5056843,
111,아라커피,고성,강원 고성군 죽왕면 공현진길 6 1층,식음료,38.35236137,128.5097545,
112,앤트리카페,고성,강원 고성군 죽왕면 자작도선사1길 18-1,식음료,38.30930722,128.5402457,
113,카페 테일,고성,강원 고성군 죽왕면 가진길 40-5,식음료,38.37282751,128.508731,
114,풍어횟집,고성,강원 고성군 죽왕면 심층수길 40-12,식음료,38.32720068,128.5290913,033-632-8582
115,헬로우씨카페,고성,강원 고성군 죽왕면 괘진길 53-11,식음료,38.29628202,128.5474508,
116,논골담길,동해,강원 동해시 논골1길 2,관광지,37.55277016,129.1165868,033-530-2231
117,대진해수욕장,동해,강원 동해시 망상동 1-3,관광지,37.58149301,129.1091949,033-530-2272
118,망상해변,동해,강원 동해시 동해대로 6270-10,관광지,37.59225691,129.08969,033-530-2232
119,묵호등대,동해,강원 동해시 해맞이길 289,관광지,37.55483075,129.1184741,033-531-3258
120,추암조각공원,동해,강원 동해시 추암동 산72,관광지,37.47991814,129.1568824,033-530-2801
121,추암촛대바위,동해,강원 동해시 추암동 산69,관광지,37.47899434,129.1586323,033-530-2801
122,추암해변,동해,강원 동해시 촛대바위길 28,관광지,37.47708928,129.1592019,033-530-2801
123,동해동물병원,동해,강원 동해시 중앙로 214 태화빌딩,동물병원,37.51992764,129.1157695,033-532-7886
124,쥬쥬동물병원,동해,강원 동해시 지양길 6 1층,동물병원,37.49296704,129.10818,033-522-3313
125,필동물병원,동해,강원 동해시 한섬로 61-1 삼양타워1차,동물병원,37.52051987,129.1108721,033-534-7178
126,골든비치펜션,동해,강원 동해시 망상길 43,숙박,37.59104778,129.0887659,033-534-3772
127,글로리아펜션,동해,강원 동해시 망상길 49,숙박,37.59129464,129.0885299,
128,너랑온펜션,동해,강원 동해시 망상길 42,숙박,37.59091677,129.0892658,
129,망상파크펜션,동해,강원 동해시 망상길 45-1,숙박,37.59106271,129.08836,033-534-3993
130,올리브펜션,동해,강원 동해시 일출로 369,숙박,37.57391445,129.1167065,033-532-2563
131,콩콩&#39;짱짱 댕댕이집,동해,강원 동해시 전천로313 2층,숙박,37.48345894,129.1255994,
132,황토민박펜션,동해,강원 동해시 분토길 188-7,숙박,37.50874203,129.0957221,
133,꽃.개,동해,강원 동해시 새들길 75,식음료,37.57646162,129.0863956,
134,나인비치37Pub,동해,강원 동해시 동해대로 6218,식음료,37.59010013,129.0960376,
135,삐삐라떼,동해,강원 동해시 전천로 235-21 1층,식음료,37.48165235,129.1168845,
136,소르르,동해,강원 동해시 망상길 43,식음료,37.5910539,129.0887763,
137,알마레,동해,"강원 동해시 감추6길 40, 4층 알마레",식음료,37.51936288,129.1212926,033-535-8686
138,추암대게,동해,강원 동해시 촛대바위길 18,식음료,37.47780164,129.1588039,
139,카페 다온누리,동해,강원 동해시 감추2길 24 1층,식음료,37.51684843,129.1204062,
140,나인비치37Surf,동해,강원 동해시 동해대로 6218,체험,37.59010013,129.0960376,
141,덕산해변,삼척,강원 삼척시 근덕면 덕산리 119-5,관광지,37.38622893,129.2399822,033-572-3011
142,맹방해변,삼척,강원 삼척시 근덕면 맹방해변로 228-239,관광지,37.38974857,129.2319791,033-572-3011
143,삼척 미로(未老)정원,삼척,강원 삼척시 미로면 내미로리 167,관광지,37.44404294,129.0711412,033-575-4846
144,삼척 장미공원,삼척,강원 삼척시 정상동 232,관광지,37.43347057,129.1766732,033-570-4067
145,장호항,삼척,강원 삼척시 근덕면 장호항길,관광지,37.28643781,129.3178991,033-572-3011
146,장호해변,삼척,강원 삼척시 근덕면 장호리 413-8,관광지,37.28583179,129.3147671,033-572-3011
147,두타동물병원,삼척,강원 삼척시 중앙로 245-2,동물병원,37.44522975,129.1676189,033-574-0775
148,삼척동물병원,삼척,강원 삼척시 오십천로 558-1,동물병원,37.43407821,129.1772053,033-574-0075
149,셀레네동물병원,삼척,강원 삼척시 봉황로 163,동물병원,37.45224665,129.1694714,033-576-0142
150,그린향펜션,삼척,강원 삼척시 근덕면 용화안길 81-6,숙박,37.28548241,129.2996408,
151,꽃내음펜션,삼척,강원 삼척시 근덕면 용화안길 172,숙박,37.28355509,129.2975712,
152,나디아민박,삼척,강원 삼척시 근덕면 덕산해변길 144-6 나디아민박,숙박,37.38503009,129.2421822,
153,다사랑펜션,삼척,강원 삼척시 근덕면 용화안길 64-13,숙박,37.28645682,129.3005875,
154,신나개 애션펜션,삼척,강원 삼척시 근덕면 덕산해안로 78,숙박,37.38188252,129.2434085,
155,씨스포빌리조트,삼척,강원 삼척시 근덕면 상맹방길30-80 씨스포빌리조트,숙박,37.39591569,129.2207962,033-570-5000
156,장호비치캠핑장,삼척,강원 삼척시 근덕면 삼척로 2116,숙박,37.28456,129.3124077,033-576-0884
157,정원가든 애견동반펜션,삼척,강원 삼척시 근덕면 용화안길 225-1,숙박,37.28057338,129.2965226,
158,펜션오라,삼척,강원 삼척시 근덕면 삼척로 2095,숙박,37.28335108,129.3135037,
159,해마루 펜션,삼척,강원 삼척시 근덕면 장호1길27,숙박,37.28502643,129.3127314,
160,힐링캠프 애견동반 펜션,삼척,강원 삼척시 근덕면 용화안길 14,숙박,37.28871618,129.302706,
161,마린데크,삼척,강원 삼척시 새천년도로 326,식음료,37.45672693,129.1860439,033-574-2555
162,배나들,삼척,강원 삼척시 새천년도로 469-1,식음료,37.46385265,129.1756723,033-572-7717
163,카페로이,삼척,강원 삼척시 도계읍 도계로 222-11,식음료,37.22951576,129.04364,
164,커피정원,삼척,강원 삼척시 오십천로 566 벚꽃둑방길,식음료,37.43371985,129.1777922,033-575-4343
165,하쿠나마타타,삼척,강원 삼척시 근덕면 삼척로 2246,식음료,37.28823325,129.29906,033-575-7319
166,삼척시민약국,삼척,강원 삼척시 진주로 29,약국,37.44335235,129.1637535,
167,삼척해양레일바이크,삼척,궁촌정거장: 강원 삼척시 근덕면 공양왕길2 / 용화정거장: 강원 삼척시 근덕면 용화해변길23,체험,37.32364924,129.2663648,033-576-0656~8
168,대포항,속초,강원 속초시 대포동 954,관광지,38.17286584,128.6076144,033-633-3171
169,등대해수욕장,속초,강원 속초시 영랑해안길,관광지,38.21604439,128.5959489,033-639-2027
170,설악 해맞이공원,속초,강원 속초시 동해대로 3664,관광지,38.16315084,128.6085311,033-639-2422
171,속초 관광수산시장,속초,강원 속초시 중앙로147번길 12,관광지,38.20398774,128.5905516,033-633-3501
172,속초시 반려견놀이터,속초,강원 속초시 영랑호반길 329-1,관광지,38.21449294,128.5699195,033-639-2391
173,아바이마을,속초,강원 속초시  아바이마을1길,관광지,38.20061796,128.5948075,033-633-3171
174,청초호 호수공원,속초,강원 속초시 엑스포로 140,관광지,38.19192935,128.5865289,033-639-2422
175,고제용동물병원,속초,강원 속초시 동해대로 4212 1층,동물병원,38.19492911,128.5779182,033-633-4212
176,나의동물메디컬센터,속초,강원 속초시 동해대로 4163,동물병원,38.19091902,128.5793925,033-636-7179
177,설악동물병원,속초,강원 속초시 동해대로 4308,동물병원,38.20025233,128.5709125,033-631-6638
178,속초동물의료센터,속초,강원 속초시 수복로 69,동물병원,38.19891948,128.5772801,
179,속초삼성동물메디컬센터,속초,강원 속초시 엑스포로2길 22 1층,동물병원,38.19563683,128.5805064,033-636-0305
180,조광동물병원,속초,강원 속초시 만천2길 17-4,동물병원,38.19839889,128.5765565,033-631-5848
181,호박동물병원,속초,강원 속초시 설악금강대교로 20 호박동물병원,동물병원,38.19180999,128.59523,033-636-1114
182,금호설악리조트,속초,강원 속초시 노학동 795-4,숙박,38.18265196,128.54971,033-636-8000
183,바다향기,속초,강원 속초시 해오름로 13,숙박,38.1786968,128.6040409,033-631-7761
184,블루12 속초오션파크,속초,강원 속초시 해오름로 167,숙박,38.18888966,128.6034129,
185,월드스카이호텔,속초,강원 속초시 청초호반로 267,숙박,38.20113028,128.5864637,
186,이스파펜션,속초,강원 속초시 영랑해안길 159,숙박,38.21650286,128.5953558,
187,조양펜션,속초,강원 속초시 동해대로3950번길 15,숙박,38.18818624,128.6025734,
188,감초약국,속초,"강원 속초시 중앙로 126, 3층(감초약국)",약국,38.20234471,128.5900889,033-631-5857
189,금강산약국,속초,강원 속초시 번영로 207(금강산약국),약국,38.21707657,128.5900935,033-636-5668
190,동아약국,속초,"강원 속초시 중앙로 51,1층(동아약국)",약국,38.20063813,128.5819742,033-633-2876
191,삼성약국,속초,강원 속초시 중앙로5번길 8(삼성약국),약국,38.19803554,128.5778339,033-633-2879
192,속초 김약국,속초,"강원 속초시 동해대로 4174,1층(속초김약국)",약국,38.19190948,128.5794917,033-638-4151
193,속초시민약국,속초,강원 속초시 중앙로 11(속초시민약국),약국,38.1981025,128.5787296,033-636-8873
194,속초종로약국,속초,강원 속초시 동해대로 4147(속초종로약국),약국,38.189542,128.5804586,033-635-5661
195,정문약국,속초,강원 속초시 중앙로 7(정문약국),약국,38.19773763,128.5782439,033-633-6630
196,중앙약국,속초,"강원 속초시 중앙로 96,1층(중앙약국)",약국,38.2012863,128.5862372,033-635-8877
197,튼튼약국,속초,강원 속초시 청대로 347,약국,38.19747819,128.5721418,033-633-8467
198,한솔약국,속초,강원 속초시 동해대로 4288(한솔약국),약국,38.19888698,128.5724174,033-632-7751
199,호수약국,속초,강원 속초시 동해대로 4202(호수약국),약국,38.19461919,128.5790399,033-637-8130
200,속초반려동물문화축제,속초,강원 속초시 조양동 1546-1,체험,38.19066329,128.5844785,033-632-7576
201,양구레포츠공원,양구,강원 양구군 양구읍 정림리 205-7,관광지,38.10392303,127.983203,033-480-7204
202,파로호꽃섬,양구,강원 양구군 양구읍 하리 570-1,관광지,38.11469506,127.9847824,033-480-7381
203,한반도섬 자연습지,양구,강원 양구군 양구읍 한반도섬길 76,관광지,38.1306367,127.9828072,033-480-7267
204,춘천축산농협양구지점동물병원,양구,강원 양구군 양구읍 중앙길 33-6,동물병원,38.10593547,127.9896029,033-481-8606
205,학조리샘말펜션,양구,강원 양구군 양구읍 학안로 97-21,숙박,38.06830865,127.9792426,
206,낙산해수욕장,양양,강원 양양군 강현면 해맞이길 59,관광지,38.11692058,128.633882,033-670-2518
207,남애3리해수욕장,양양,강원 양양군 현남면 남애리 6-53,관광지,37.94595038,128.7839069,
208,남애항,양양,강원 양양군 현남면 매바위길 138,관광지,37.94492778,128.7871281,033-670-2397
209,남애항 스카이워크 전망대,양양,강원 양양군 현남면 남애리 2-72,관광지,37.94484473,128.7884848,033-670-2398
210,멍비치,양양,강원 양양군 현남면 광진리 78-20,관광지,37.95332631,128.7728595,
211,서피비치,양양,강원 양양군 현북면 하조대해안길 119,관광지,38.02775348,128.7175212,
212,설악해수욕장,양양,강원 양양군 강현면 전진2리,관광지,38.12420744,128.6299653,033-670-2114
213,정암해수욕장,양양,강원 양양군 강현면 정암리 3,관광지,38.14030207,128.6141954,033-671-8055
214,죽도정,양양,강원 양양군 현남면 인구리 1-1,관광지,37.97134592,128.7626748,033-670-2397
215,죽도해수욕장,양양,강원 양양군 현남면 시변리 33-38,관광지,37.97215912,128.7616571,033-670-2397
216,지경리해수욕장,양양,강원 양양군 현남면 지경리 22-18,관광지,37.92294151,128.8019296,033-671-4568
217,하조대전망대,양양,강원 양양군 현북면 하륜길 54,관광지,38.02181654,128.7283714,033-672-5647
218,하조대해수욕장,양양,강원 양양군 현북면 하광정리 80-2,관광지,38.02295226,128.7250689,033-672-5647
219,대명동물병원,양양,강원 양양군 양양읍 남문로 19-1,동물병원,38.07369573,128.6202171,033-673-4004
220,강이네하우스,양양,강원 양양군 서면 상평1길 17-2,숙박,38.06692416,128.5833551,
221,글램독 애견펜션 양양점,양양,강원 양양군 현남면 화상천로 46,숙박,37.92742596,128.7876747,
222,더퍼피즈블루오션,양양,강원 양양군 강현면 동해대로 3411,숙박,38.14196164,128.6124589,
223,몬띠마르펜션,양양,강원 양양군 강현면 진미로 510-36,숙박,38.11898823,128.5705988,
224,발렌타인애견펜션,양양,강원 양양군 손양면 남대천로 251-117,숙박,38.04593739,128.6149272,
225,보노펜션,양양,강원 양양군 손양면 선사유적로 240-29,숙박,38.05352174,128.6864849,
226,빈티지하우스펜션,양양,강원 양양군 손양면 수산2길 16-11,숙박,38.07796647,128.671523,
227,서퍼스파라다이스 STAY,양양,강원 양양군 현남면 인구길 60-11,숙박,37.96967041,128.7616146,
228,서프쉑,양양,강원 양양군 손양면 선사유적로 316-74,숙박,38.05318853,128.6868168,
229,설악비치펜션,양양,강원도 양양군 강현면 뒷나루2길 5-4,숙박,38.12933371,128.6229434,
230,숲속의집,양양,강원 양양군 현북면 어성전길 402,숙박,37.93192757,128.674843,033-673-9597
231,신원비엔빌,양양,강원 양양군 손양면 굴개길 72,숙박,38.05350137,128.682759,033-672-8777
232,아담하우스,양양,강원 양양군 강현면 주청2길 17,숙박,38.11793029,128.6297603,
233,아름다운바다콘도텔,양양,강원 양양군 강현면 동해대로 3575,숙박,38.15569302,128.6088676,033-673-6612
234,아쇼카펜션,양양,강원 양양군 손양면 선사유적로 316-104,숙박,38.05139985,128.688467,
235,양양캠핑장 어성전계곡야영장,양양,강원 양양군 현북면 어성전길 182-18,숙박,37.94716181,128.6634302,033-672-0236
236,양양해피플레이스,양양,강원 양양군 강현면 중복골길 11,숙박,38.14120896,128.5727595,
237,오핑펜션,양양,강원 양양군 강현면 뒷나루2길 24-1,숙박,38.12807794,128.6243134,
238,페트리코펜션,양양,강원 양양군 손양면 선사유적로 244,숙박,38.05310851,128.6844071,
239,하얀멍이 애견펜션,양양,강원 양양군 서면 들돌길 207,숙박,38.08286387,128.5722685,
240,하조대아름들,양양,강원 양양군 현북면 검소길 111,숙박,38.00799846,128.6917219,033-672-5955
241,화이트샌드펜션,양양,강원 양양군 현남면 새나루길 31,숙박,37.97200617,128.7618611,
242,물무리골생태습지,영월,강원 영월군 영월읍 영월로 1713-12,관광지,37.19724469,128.4501969,
243,선돌,영월,강원 영월군 영월읍 방절리 산 122,관광지,37.20557108,128.4340853,
244,요선암 돌개구멍,영월,강원 영월군 무릉도원면 무릉리 산139,관광지,37.29811732,128.2608802,033-560-2379
245,요선암 요선정,영월,강원 영월군 무릉도원면 무릉리 산139,관광지,37.29811732,128.2608802,033-370-2931
246,젊은달와이파크,영월,강원 영월군 주천면 송학주천로 1467-9,관광지,37.27400332,128.2692247,033-372-9411
247,한반도지형,영월,강원 영월군 한반도면 옹정리 산180,관광지,37.22137219,128.3454046,
248,바로동물병원,영월,강원 영월군 영월읍 중앙로 62 1층,동물병원,37.18336745,128.4706723,
249,수호동물병원,영월,강원 영월군 영월읍 하송안길 37 1층,동물병원,37.18151297,128.4649207,033-375-9275
250,금방아 민박 캠핑장,영월,강원 영월군 무릉도원면 무릉법흥로 516,숙박,37.31786034,128.2603555,
251,꿈엔들캠프,영월,강원 영월군 무릉도원면 무릉법흥로 968-12,숙박,37.3428711,128.2809798,
252,남강캠프,영월,강원 영월군 무릉도원면 무릉법흥로 1050-16,숙박,37.34996603,128.2802001,033-375-1006
253,사람과자연펜션,영월,강원 영월군 주천면 평창강로 67,숙박,37.29351938,128.3329617,
254,산여울 캠핑장,영월,강원 영월군 무릉도원면 백년계곡길 142,숙박,37.37706961,128.2717951,033-375-2268
255,슬로우캠프,영월,강원 영월군 무릉도원면 고일길 18-5,숙박,37.3463625,128.1948694,
256,여울소리 오토 캠핑장,영월,강원 영월군 무릉도원면 중방길 2-45,숙박,37.29335475,128.2687783,033-375-7863
257,영월 스카이 펜션&캠핑장,영월,강원 영월군 무릉도원면 무릉법흥로 852-15,숙박,37.3353952,128.2823443,033-372-0399
258,영월캠프,영월,강원 영월군 무릉도원면 무릉법흥로 1208-56,숙박,37.36214886,128.2772394,
259,영월키즈캠핑장(힐링캠프),영월,강원 영월군 무릉도원면 무릉법흥로 1208-7,숙박,37.36410794,128.2734027,
260,영월한반도캠핑장,영월,강원 영월군 한반도면 후탄로 826,숙박,37.21525552,128.3562489,
261,월드니스 글램핑장,영월,강원 영월군 무릉도원면 도원운학로 475-10,숙박,37.29993249,128.220668,
262,월드니스 오토 캠핑장,영월,강원 영월군 무릉도원면 도원운학로 475-10,숙박,37.29993249,128.220668,
263,청호정펜션,영월,강원 영월군 영월읍 선돌길 249,숙박,37.19196437,128.4295235,
264,큐브존 캠핑&펜션,영월,강원 영월군 한반도면 한반도로 794-14,숙박,37.23187464,128.3471724,
265,탑스텐리조트 동강시스타,영월,강원 영월군 영월읍 사지막길 160,숙박,37.21776152,128.5187442,033-905-2000
266,하얀여울캠프,영월,강원 영월군 무릉도원면 무릉법흥로 932,숙박,37.34028551,128.2805875,
267,한반도 솔숲쉼터,영월,강원 영월군 한반도면 서강로 1159-93,숙박,37.25103487,128.3687393,033-375-7935
268,카페 보름월,영월,강원 영월군 영월읍 분수대길 64,식음료,37.18060974,128.4651619,
269,카페뮤지스,영월,강원 영월군 영월읍 은행나무길 90 카페뮤지스,식음료,37.17838881,128.4626852,
270,별빛반려견 놀이터,영월,강원 영월군 남면 연당로 61,체험,37.18666627,128.4063322,
271,카페 보름월,영월,강원 영월군 영월읍 분수대길 64,체험,37.1806088,128.4651649,
272,반계리 은행나무,원주,강원 원주시 문막읍 반계리 1495-1,관광지,37.29420807,127.7884224,033-737-5114
273,아름들 반려견쉼터,원주,강원 원주시 흥업면 흥업리 222,관광지,37.29566456,127.9251417,033-737-4443
274,행구수변공원,원주,강원 원주시 행구로 362,관광지,37.34238325,127.996726,033-742-2111
275,강원동물병원,원주,강원 원주시 평원로 67 (중앙동),동물병원,37.35153381,127.9501657,
276,그린종합동물병원,원주,강원 원주시 행구로 44 (개운동),동물병원,37.34130003,127.9607952,033-762-9882
277,누리종합동물병원,원주,강원 원주시 서원대로 408 광장빌딩,동물병원,37.32997444,127.9500238,033-761-0167
278,늘푸른종합동물병원,원주,강원 원주시 만대로 15,동물병원,37.34171866,127.9238389,033-747-7585
279,두루동물병원,원주,"강원 원주시 만대로 166, 102호 (무실동)",동물병원,37.33367294,127.9223465,033-744-6722
280,로얄종합동물병원,원주,강원 원주시 남원로 655 (명륜동),동물병원,37.34136461,127.9534378,033-766-7230
281,마루종합동물병원,원주,"강원 원주시 무실로 182, 106호 (단계동)",동물병원,37.34144323,127.9392853,033-742-7582
282,문막동물병원,원주,"강원 원주시 문막읍 구암길 7, 1층",동물병원,37.31829776,127.8291363,
283,바른 정 동물병원,원주,강원 원주시 치악로 1639 1층,동물병원,37.32918517,127.9593363,
284,반곡동 작은동물병원,원주,강원 원주시 오리현길 22,동물병원,37.33904542,127.9683703,033-747-0075
285,삼성종합동물병원,원주,강원 원주시 현충로 278,동물병원,37.37828562,127.9494881,033-732-1275
286,샘마루동물병원,원주,"강원 원주시 지정면 신지정로 153-46, 1층",동물병원,37.37488138,127.8809649,033-747-5002
287,에스동물병원,원주,강원 원주시 지정면 조엄로 397 215동 1층,동물병원,37.37526613,127.8693334,
288,열린동물병원,원주,강원 원주시 만대공원길 8-10,동물병원,37.33714674,127.9288536,033-743-6466
289,원주24시스카이동물메디컬센터,원주,강원 원주시 서원대로 502 골드프라자,동물병원,37.32494362,127.9583035,
290,원주더봄동물의료센터,원주,강원 원주시 시청로 528 1층,동물병원,37.31518528,127.9660332,
291,원주동물병원,원주,강원 원주시 천사로 79,동물병원,37.34756897,127.9336014,033-743-8882
292,제일동물병원,원주,강원 원주시 평원로 27 (중앙동),동물병원,37.34906221,127.9524497,033-745-5125
293,조은 동물병원,원주,"강원 원주시 로아노크로 8, 1층 (단계동)",동물병원,37.34397865,127.9272121,033-742-8475
294,중앙가축병원 원주대리점,원주,강원 원주시 한지공원길 212,동물병원,37.3383379,127.9318154,033-735-1482
295,키다리아저씨동물병원,원주,강원 원주시 양지뜰4길 17 1층,동물병원,37.3274917,127.984307,033-813-0212
296,패밀리동물병원,원주,강원 원주시 봄마중길 2-4,동물병원,37.3255392,127.9812413,033-743-8119
297,해든동물병원,원주,"강원 원주시 천매봉길 21, 1층 (단구동)",동물병원,37.32203196,127.9437853,033-762-9944
298,행복드림동물병원,원주,강원 원주시 천사로 23-17,동물병원,37.34980571,127.9276904,033-744-7585
299,현대동물병원,원주,"강원 원주시 지정면 신지정로 153-15, 1층",동물병원,37.3738171,127.879612,
300,혜인종합동물병원,원주,강원 원주시 나비허리길 60 (단구동),동물병원,37.32330573,127.9587542,033-766-1475
301,비안단테펜션 원주점,원주,강원 원주시 부론면 부론로 285-5,숙박,37.18083896,127.7579545,
302,솔치송어파티펜션,원주,강원 원주시 신림면 솔치안길 91,숙박,37.26869471,128.1999276,033-764-1506
303,오크카운티펜션,원주,강원 원주시 지정면 구재로 352-4,숙박,37.41347341,127.8040842,
304,유알풀빌라펜션,원주,강원 원주시 지정면 지정로 912-1,숙박,37.35812207,127.8000348,
305,지니의캠프펜션,원주,강원 원주시 지정면 장지길 69-22,숙박,37.36945537,127.811536,
306,하이봉자,원주,강원 원주시 소초면 황골로 269-23,숙박,37.3759722,127.9989801,
307,호텔인터불고 원주,원주,강원 원주시 동부순환로 200 호텔인터불고 원주,숙박,37.33272787,127.9744755,033-769-8114
308,SEIZEON,원주,강원 원주시 양지뜰4길 1-2,식음료,37.32731976,127.9824137,
309,개고생,원주,강원 원주시 천매봉길 20-9,식음료,37.32289615,127.9440522,
310,뚜띠네 과자점,원주,강원 원주시 소삼터길 10-14,식음료,37.34569809,127.9355006,033-735-9984
311,루체,원주,강원 원주시 판부면 매봉길 16-4 1층,식음료,37.32113709,127.9424283,033-766-0216
312,빵공장 라뜰리에 김가 원주점,원주,강원 원주시 행구로 314,식음료,37.34292243,127.9906741,
313,사니다카페,원주,강원 원주시 호저면 칠봉로 109-128,식음료,37.40696686,127.9143824,
314,사진정원,원주,강원 원주시 소초면 황골로 426,식음료,37.36471217,128.0065253,
315,아기사자,원주,강원 원주시 지정면 오얏길 56,식음료,37.33771837,127.846952,
316,카페도즈오프,원주,강원 원주시 신림면 신림황둔로 1060,식음료,37.25388757,128.1768519,
317,크렘미엘,원주,강원 원주시 화실건너들길 22,식음료,37.34513121,127.9816619,
318,펫타운애견카페,원주,강원 원주시 판부면 치악로 1071,식음료,37.28836593,127.9947534,
319,화이트클라우드,원주,강원 원주시 판부면 백운정윗길 27,식음료,37.28883077,127.9375892,033-765-0999
320,횡성고향한우,원주,강원 원주시 지정면 질마재로 49,식음료,37.35020892,127.87782,
321,D마트약국,원주,강원 원주시 천사로 50,약국,37.34756496,127.9309771,033-746-0114
322,가온약국,원주,강원 원주시 양지로 26,약국,37.32459014,127.9816051,
323,건약국,원주,강원 원주시 지정면 신지정로 216,약국,37.37502626,127.8730428,033-748-9520
324,구곡시장약국,원주,강원 원주시 남원로534번길 14,약국,37.33076704,127.9481379,033-761-4827
325,금빛누리약국,원주,강원 원주시 지정면 신지정로 190,약국,37.37431199,127.8758645,033-742-5458
326,기독약국,원주,강원 원주시 무실로 14,약국,37.34860098,127.9485832,033-742-0346
327,기업도시여니약국,원주,강원 원주시 지정면 신지정로 322-1,약국,37.38238824,127.8732108,033-747-0206
328,다나약국,원주,강원 원주시 봉화로 22,약국,37.34624499,127.9287658,033-766-3939
329,다온약국,원주,강원 원주시 혁신로 55 골든스퀘어,약국,37.32344298,127.9804324,033-733-4091
330,단비약국,원주,강원 원주시 지정면 신지정로 266,약국,37.37853746,127.8705849,033-748-7288
331,대학약국,원주,강원 원주시 일산초교길 37,약국,37.34775913,127.9433731,033-735-7588
332,더조은약국,원주,강원 원주시 양지로4,약국,37.32540759,127.978856,033-734-6059
333,도담온누리약국,원주,강원 원주시 오리현길 16-9,약국,37.33866789,127.9677886,033-747-4709
334,동아단골약국,원주,강원 원주시 치악로 1791,약국,37.34206276,127.9550723,033-766-5575
335,동해약국,원주,강원 원주시 중앙로 6,약국,37.34560891,127.9547921,033-766-6603
336,드림약국,원주,강원 원주시 모란1길 70,약국,37.36174729,127.9332742,033-732-7582
337,땅콩약국,원주,강원 원주시 북원로 2235-4,약국,37.34565706,127.9322177,033-733-8007
338,라성약국,원주,강원 원주시 단구로 392,약국,37.32195604,127.9558473,033-764-5110
339,만종대형약국,원주,강원 원주시 호저면 원문로 631,약국,37.35361177,127.8999591,033-731-1365
340,메가센트럴약국,원주,강원 원주시 양지로 80,약국,37.32796345,127.9862009,
341,메디팜 이화약국,원주,강원 원주시 능라동길 59,약국,37.33442353,127.9308177,033-901-2677
342,무실하늘약국,원주,강원 원주시 시청로 72,약국,37.33729999,127.9267413,
343,무지개약국,원주,강원 원주시 원문로 106,약국,37.35702211,127.9355541,033-742-5500
344,문화약국,원주,강원 원주시 중앙로 86,약국,37.34889392,127.9517986,033-744-0405
345,밝은약국,원주,강원 원주시 시청로 86,약국,37.33618063,127.9278276,033-743-5466
346,백두산약국,원주,강원 원주시 일산로 23,약국,37.34904745,127.9472639,033-764-6029
347,백세약국,원주,강원 원주시 왕건로 81 동화빌딩,약국,37.32673058,127.8290964,033-735-3665
348,보당약국,원주,강원 원주시 서원대로 507,약국,37.32511457,127.9593993,033-761-3150
349,보령약국,원주,강원 원주시 평원로 76,약국,37.35196273,127.9502839,
350,브로콜리약국,원주,강원 원주시 양지로 50,약국,37.32610293,127.9841197,
351,상도약국,원주,강원 원주시 서원대로 383,약국,37.33199419,127.9485671,
352,새별약국,원주,강원 원주시 무실로12번길 24 1층,약국,37.34964917,127.948317,
353,서울약국,원주,강원 원주시 흥업면 남원로 57,약국,37.30142748,127.9192676,033-762-3330
354,성수약국,원주,강원 원주시 능라동길 35,약국,37.33376288,127.9285288,033-742-7576
355,세종약국,원주,강원 원주시 능라동길 27,약국,37.33330668,127.9280503,
356,손약국,원주,강원 원주시 원일로 113-1,약국,37.34976908,127.9484528,033-731-3090
357,수별온누리약국,원주,강원 원주시 로아노크로 74,약국,37.33895164,127.9234541,033-763-1781
358,스카이약국,원주,강원 원주시 지정면 신지정로 316-2,약국,37.38202526,127.8729252,033-747-9405
359,신림약국,원주,강원 원주시 신림면 치악로9,약국,37.22955742,128.0814609,033-762-5058
360,아리시장약국,원주,강원 원주시 무실로 182,약국,37.34145438,127.9392644,033-747-7515
361,아이약국,원주,강원 원주시 지정면 신지정로 322,약국,37.38249724,127.8723832,
362,아침약국,원주,강원 원주시 단구로 394,약국,37.32185202,127.95573,033-763-3434
363,알파약국,원주,강원 원주시 만대공원길 59,약국,37.33943964,127.9246964,033-745-3555
364,예쁜약국,원주,강원 원주시 시청로 96,약국,37.3361835,127.9284838,
365,예원약국,원주,강원 원주시 치악로 2031-1,약국,37.36132034,127.9603722,
366,예주약국,원주,강원 원주시 시청로 36,약국,37.33920106,127.9236347,033-747-3819
367,온누리바다약국,원주,강원 원주시 북원로 2698,약국,37.38428564,127.9477291,033-742-4146
368,우리동네약국,원주,강원 원주시 입춘로 110,약국,37.32338304,127.9816629,033-733-1668
369,우리메디컬약국,원주,강원 원주시 능라동길 51,약국,37.33483954,127.9301505,033-744-8877
370,원약국,원주,강원 원주시 나비허리길 169,약국,37.31849976,127.9658715,033-765-6953
371,원주대형약국,원주,강원 원주시 호저면 원문로 691,약국,37.34992797,127.8972754,033-733-1065
372,원주제일큰약국,원주,강원 원주시 서곡리 419-8,약국,37.3234199,127.9373436,033-761-1890
373,유약국,원주,강원 원주시 치악로 1504,약국,37.31911475,127.9671874,033-761-5718
374,유한약국,원주,강원 원주시 예술관길 28,약국,37.33301067,127.9418491,033-763-0097
375,이마트윤약국,원주,강원 원주시 북원로 1928,약국,37.32067148,127.9190475,033-743-7199
376,이화약국,원주,강원 원주시 시청로 84 1층,약국,37.33638216,127.9280723,033-735-9747
377,이화햇살약국,원주,강원 원주시 현충로 58번길 28,약국,37.36130551,127.9574004,
378,일산서진약국,원주,강원 원주시 원일로 115번길 5,약국,37.34956938,127.948008,033-746-8081
379,장생약국,원주,강원 원주시 봉화로 27,약국,37.34695336,127.9282606,033-746-8740
380,장양리 영진약국,원주,강원 원주시 소초면 장막 2길 18,약국,37.41145639,127.9587272,033-734-9907
381,정문가까운약국,원주,강원 원주시 서원대로 383,약국,37.33199419,127.9485671,033-763-0230
382,정문프라자약국,원주,강원 원주시 서원대로 383,약국,37.33199419,127.9485671,033-766-2158
383,정심약국,원주,강원 원주시 문막읍 문막시장 1길,약국,37.30553542,127.8160303,
384,제일편한약국,원주,강원 원주시 흥업면 북원로 1412-11,약국,37.27725407,127.9082044,033-763-8886
385,주차편한약국,원주,강원 원주시 일산로 7,약국,37.34996892,127.9462713,033-742-2219
386,진약국,원주,강원 원주시 단구로 353,약국,37.32439212,127.9584257,033-764-7575
387,참약국,원주,강원 원주시 중앙로 86,약국,37.34889392,127.9517986,033-900-5093
388,참조은약국,원주,강원 원주시 행구로 148,약국,37.34171487,127.9725133,033-735-1724
389,치악산약국,원주,강원 원주시 소초면 북원로 3112,약국,37.4191743,127.9633073,033-735-3777
390,큰사랑약국,원주,강원 원주시 서원대로 402,약국,37.33047007,127.9493526,033-762-1994
391,튼튼약국,원주,강원 원주시 시청로 98,약국,37.33595282,127.9287509,033-742-4388
392,팜스토리약국,원주,강원 원주시 치악로 1489,약국,37.31772069,127.9673132,
393,프라자건강약국,원주,강원 원주시 능라동길 70,약국,37.33379983,127.9302021,033-734-9570
394,한아람약국,원주,강원 원주시 남원로 528-31 신세계프라자,약국,37.33113089,127.9471459,033-761-2847
395,함께약국,원주,강원 원주시 소초면 송황유사길 3,약국,37.38161877,127.974187,033-734-7589
396,행복약국,원주,강원 원주시 시청로 70,약국,37.33736922,127.926414,033-742-5875
397,허브약국,원주,강원 원주시 봉화로 1,약국,37.34573027,127.9276496,033-744-0379
398,혁신중앙약국,원주,강원 원주시 혁신로 19,약국,37.32503859,127.9770517,033-733-1121
399,홍약국,원주,강원 원주시 원문로 143,약국,37.35529761,127.9327476,
400,휴베이스 센트럴약국,원주,강원 원주시 모래내길 47-3,약국,37.35251981,127.9339612,033-733-3773
401,흥업온누리약국,원주,강원 원주시 남원로 76,약국,37.30283175,127.9203158,033-764-9424
402,반려견쉼터 아름들,원주,강원 원주시 흥업면 흥업리 222,체험,37.29566456,127.9251417,033-737-4443
403,유알컬처파크,원주,강원 원주시 지정면 지정로 912,체험,37.35850211,127.8023091,
404,저스트도그,원주,강원 원주시 행구로 357,체험,37.34395696,127.9955555,
405,고려동물병원,인제,강원 인제군 북면 예술인촌길 57,동물병원,38.14396982,128.2530566,033-462-5777
406,인제종합동물병원,인제,강원 인제군 인제읍 비봉로44번길 70,동물병원,38.06192532,128.1682389,033-461-3960
407,합강동물병원,인제,강원 인제군 인제읍 인제로 227,동물병원,38.07068965,128.1751331,033-463-9713
408,라이프위드도그,인제,강원 인제군 인제읍 자작나무숲길 1112,숙박,38.00155883,128.2316881,
409,러빙네이쳐 캠핑장,인제,강원 인제군 남면 설악로 1129 러빙네이쳐캠핑장,숙박,38.00149385,128.1156544,
410,맑은물리조트,인제,강원 인제군 기린면 내린천로 4723,숙박,37.9795851,128.2997608,033 463 8703
411,미산분교캠핑장,인제,강원 인제군 상남면 내린천로 1622,숙박,37.87105658,128.3182445,
412,반디하우스,인제,강원 인제군 상남면 내린천로 2355,숙박,37.87627874,128.2715919,
413,방태산솔마루오토캠핑장,인제,강원 인제군 기린면 방태산길 122-6 (방동리260),숙박,37.93934055,128.3813936,
414,보리네민박,인제,강원 인제군 인제읍 자작나무숲길 1061-2,숙박,38.00382384,128.2271287,
415,인제스피디움,인제,강원 인제군 기린면 상하답로 130,숙박,38.00260361,128.2953846,
416,견로당,인제,강원 인제군 인제읍 자작나무숲길 1061-5,식음료,38.00390854,128.2267036,
417,인더가든,인제,강원 인제군 남면 삼팔선로 2115,식음료,37.96753479,128.0777204,033-461-6248
418,카사데인제,인제,강원 인제군 남면 신남로 17-93,식음료,37.96077911,128.0720259,
419,카페 하추리,인제,강원 인제군 인제읍 하추로 187,식음료,38.01962892,128.2817802,033-461-4481
420,인제빙어축제,인제,강원 인제군 인제읍 비봉로44번길 100,체험,38.06066823,128.1649537,033-460-8954
421,민둥산,정선,강원 정선군 남면 민둥산로 4,관광지,37.25420589,128.7802605,
422,아라리공원,정선,강원 정선군 정선읍 봉양리 113,관광지,37.3787716,128.6662609,
423,아우라지,정선,강원 정선군 여량면 여량리 201-2,관광지,37.47387553,128.7231114,
424,하이원리조트 하늘길,정선,강원 정선군 고한읍 고한7길 399,관광지,37.17423577,128.8425632,
425,다나동물병원,정선,강원 정선군 정선읍 비봉로 46,동물병원,37.38110271,128.6631592,033-563-6563
426,365행복펜션,정선,강원 정선군 북평면 장열길 83-2,숙박,37.45649671,128.6831334,
427,그랜드 인투라온 호텔 정선,정선,강원 정선군 사북읍 사북리 354-32,숙박,37.22671758,128.8123856,
428,또바기콘도,정선,강원 정선군 남면 덕만길 5-19,숙박,37.2636234,128.7966475,
429,락있수다테마펜션,정선,강원 정선군 화암면 소금강로 2188 락있수다펜션,숙박,37.28982092,128.8402745,
430,러브팩토리,정선,강원 정선군 남면 광락로 519,숙박,37.31958771,128.6796876,
431,메이플펜션,정선,강원 정선군 남면 자뭇골길 206,숙박,37.24544553,128.7613138,
432,메이힐스리조트,정선,강원 정선군 고한읍 물한리길 8,숙박,37.21149569,128.8352513,033-590-1000
433,정선황토펜션,정선,강원 정선군 정선읍 병방치길 35-18 정선황토펜션,숙박,37.37525603,128.6459859,
434,파인트리캠핑장,정선,강원 정선군 남면 광락로 349-30,숙박,37.31613816,128.6937205,
435,프로방스 펜션,정선,강원 정선군 남면 자뭇골길 212,숙박,37.24513849,128.7606051,
436,하이원 펫클럽,정선,강원 정선군 하이원길 424 힐콘도 D동,숙박,37.20722138,128.8368354,
437,하이원리조트,정선,강원 정선군 고한읍 하이원길 424,숙박,37.20721956,128.8368362,
438,하이하늘펜션,정선,강원 정선군 고한읍 고토일길 275,숙박,37.22169453,128.8628203,
439,정선 레일바이크,정선,강원 정선군 여량면 노추산로 745,체험,37.5170461,128.7304317,033-563-8787
440,정선 병방치 스카이워크,정선,강원 정선군 정선읍 병방치길 225,체험,37.36235936,128.6354266,033-563-4100
441,고석정,철원,강원 철원군 동송읍 태봉로 1825,관광지,38.18542141,127.2874037,033-450-5558
442,노동당사,철원,강원 철원군 철원읍 금강산로 265,관광지,38.25520176,127.2020009,033-450-5520
443,은하수교,철원,강원 철원군 동송읍 장흥리 725-12,관광지,38.20025939,127.2775433,033-450-5365
444,직탕폭포,철원,강원 철원군 동송읍 장흥리 직탕폭포,관광지,38.20067028,127.2710318,033-450-5534
445,동주동물병원,철원,강원 철원군 동송읍 이평2로 17,동물병원,38.20683113,127.2212374,033-455-7518
446,문혜동물병원,철원,강원 철원군 갈말읍 명성로 279,동물병원,38.15635794,127.3089982,033-452-5894
447,성일동물병원,철원,강원 철원군 동송읍 금학로 182,동물병원,38.2052692,127.2203016,033-455-8943
448,와수대화동물병원,철원,강원 철원군 서면 와수1로 7-1,동물병원,38.23775994,127.4365305,033-458-4558
449,튼튼동물병원,철원,강원 철원군 갈말읍 문혜리 681-16,동물병원,38.17861259,127.3286521,033-452-9124
450,가산농원캠핑장,철원,강원 철원군 갈말읍 상사로 377,숙박,38.22409963,127.2657242,033-452-9995
451,마운틴밸리펜션,철원,강원 철원군 동송읍 담터길 174,숙박,38.15224046,127.2042692,033-455-5596
452,별비내리는마을펜션,철원,강원 철원군 갈말읍 직탕길 26,숙박,38.2079295,127.2707287,
453,케렌시아펜션,철원,강원 철원군 동송읍 창동로 2282 펜션,숙박,38.18290052,127.2764054,033-456-0303
454,학마을캠핑장,철원,강원 철원군 동송읍 도피동길 72-1,숙박,38.23609437,127.2211165,
455,eden 에덴,철원,강원 철원군 갈말읍 순담길 43,식음료,38.16867121,127.3022419,033-452-7304
456,소이온정,철원,강원 철원군 갈말읍 명성로125번길 7 소이온정,식음료,38.14254608,127.3066095,
457,와수리커피,철원,강원 철원군 서면 아리랑로37번길 19,식음료,38.24384495,127.4397968,
458,인경 화이트하우스,철원,강원 철원군 갈말읍 두루미로 118,식음료,38.18661715,127.3193848,
459,철든오빠,철원,"강원 철원군 갈말읍 명성로 151 1층, 오른쪽 입구",식음료,38.14520475,127.3077003,
460,카페 카테고리,철원,강원 철원군 동송읍 북원로 1388,식음료,38.20677673,127.2296291,
461,카페 프로방스,철원,강원 철원군 갈말읍 순담길 299,식음료,38.18568908,127.3004274,
462,카페공간,철원,강원 철원군 갈말읍 직탕길 26,식음료,38.20792579,127.2707319,
463,쿠치나,철원,강원 철원군 서면 와수로110번안길 43,식음료,38.23714903,127.4382294,033-455-5425
464,핑크깡통,철원,강원 철원군 서면 금강로 7651,식음료,38.20173749,127.421172,033-458-0014
465,강아지숲 테마파크,춘천,강원 춘천시 남산면 충효로 437,관광지,37.73643502,127.6620202,033-913-1400
466,경강 레일바이크,춘천,강원 춘천시 남산면 서백길 57,관광지,37.84274539,127.5509472,033-245-1002
467,공지천조각공원,춘천,강원 춘천시 옛경춘로 880,관광지,37.87324516,127.7126624,033-250-3089
468,구곡폭포,춘천,강원 춘천시 남산면 강촌구곡길 254 (우)200-912,관광지,37.79703294,127.6158514,033-250-3569
469,김유정역 폐역,춘천,강원 춘천시 신동면 김유정로 1435,관광지,37.81963261,127.7166169,033-261-7780
470,남이섬,춘천,강원 춘천시 남산면 남이섬길 1,관광지,37.79012495,127.5261287,
471,소양강댐,춘천,강원 춘천시 신샘밭로 1128,관광지,37.94879981,127.8151019,033-242-2455
472,춘천댐,춘천,강원 춘천시 서면 오월리 춘천댐,관광지,37.96558831,127.6398848,033-245-2211
473,AK동물병원,춘천,강원 춘천시 중앙로 127,동물병원,37.87594317,127.7210824,033-242-2112
474,고려동물병원,춘천,강원 춘천시 안마산로 189,동물병원,37.85107671,127.7353155,033-264-9975
475,광장동물병원,춘천,강원 춘천시 춘천로 188,동물병원,37.8762757,127.735269,033-242-8075
476,닥터각동물병원,춘천,강원 춘천시 퇴계동 171-5,동물병원,37.85396429,127.7377927,033-261-2524
477,땡큐동물병원,춘천,강원 춘천시 영서로 2755-1,동물병원,37.89938897,127.728103,033-255-7582
478,리본동물의료센터,춘천,강원 춘천시 남춘천새길 4,동물병원,37.86055394,127.7341381,
479,봄내동물병원,춘천,강원 춘천시 퇴계로 221,동물병원,37.85640704,127.7430991,033-262-9070
480,소망동물병원,춘천,강원 춘천시 영서로 2293,동물병원,37.86548293,127.720062,033-251-6577
481,우리동물병원,춘천,강원 춘천시 동내면 춘천순환로 70,동물병원,37.85534539,127.751658,033-263-7502
482,품속동물병원,춘천,강원 춘천시 안마산로 97,동물병원,37.85506319,127.726515,
483,하나동물병원,춘천,강원 춘천시 춘천로 287-1,동물병원,37.88106006,127.7450038,033-243-7511
484,현대동물병원,춘천,강원 춘천시 춘천로 267,동물병원,37.88002758,127.7429682,033-256-7582
485,강촌잠빌펜션,춘천,강원 춘천시 남산면 강촌로 250,숙박,37.79759514,127.6392088,
486,남이섬 설리조트,춘천,강원 춘천시 남산면 서백길 707-4,숙박,37.79579437,127.5822647,
487,남이섬 호텔정관루,춘천,강원 춘천시 남산면 남이섬길 1,숙박,37.79012495,127.5261287,031-580-8000
488,노아스펜션,춘천,강원 춘천시 남산면 검봉산길 35,숙박,37.82272894,127.6149987,
489,도그앤스테이 애견펜션,춘천,강원 춘천시 남산면 갯골길 10-13,숙박,37.8018153,127.6363555,
490,리버웍펜션,춘천,강원 춘천시 남산면 북한강변길 840,숙박,37.8286875,127.6044028,033-262-9601
491,비다펠리스,춘천,강원 춘천시 남산면 서백길 701,숙박,37.79597189,127.5815832,
492,비안단테펜션 춘천점,춘천,강원 춘천시 서면 금산2길 22-4,숙박,37.9024981,127.700182,
493,수한예,춘천,강원 춘천시 동면 하일길 197,숙박,37.90500504,127.7536696,
494,쏠리오,춘천,강원 춘천시 남산면 서천길 117,숙박,37.84444384,127.542136,
495,아름다운집,춘천,강원 춘천시 남산면 북한강변길 826,숙박,37.82891519,127.6028694,
496,춘천숲자연휴양림캠핑장,춘천,강원 춘천시 동산면 종자리로 224-104,숙박,37.7477368,127.7424875,033-264-1156
497,해피리버펜션,춘천,강원 춘천시 남산면 홍천강변길 410,숙박,37.6828358,127.6497104,
498,헤이춘천,춘천,강원 춘천시 남춘로 49,숙박,37.86535614,127.7321769,033-243-5566
499,Cafe 8mm,춘천,강원 춘천시 신동면 모오리길 47-28,식음료,37.82232826,127.7037905,
500,감자밭,춘천,강원 춘천시 신북읍 신샘밭로 674,식음료,37.92959097,127.7845168,
501,감자아일랜드 온의점,춘천,강원 춘천시 방송길 77 상가동 1층 1310호,식음료,37.86929709,127.7211693,
502,강산숯불닭갈비막국수,춘천,강원 춘천시 신북읍 신샘밭로 621,식음료,37.9305137,127.7785203,
503,고목,춘천,강원 춘천시 남산면 남이섬길 1 (남이섬 중앙 잣나무길 중간),식음료,37.79012495,127.5261287,
504,구스범스,춘천,강원 춘천시 우묵들길 8,식음료,37.86500166,127.7236316,
505,금베이숲,춘천,강원 춘천시 동면 금베이길 61-90 1층,식음료,37.87780963,127.7842406,
506,남이섬 섬향기,춘천,강원 춘천시 남산면 남이섬길 1,식음료,37.79012495,127.5261287,
507,남이섬 스윙까페 &amp; 베이커리,춘천,강원 춘천시 남산면 남이섬길 1,식음료,37.79012495,127.5261287,031-580-8020
508,닥터빈스,춘천,강원 춘천시 서면 박사로 976,식음료,37.90170926,127.6970224,
509,단우물카페,춘천,강원 춘천시 신북읍 신북로 323 단우물카페,식음료,37.95283265,127.7463275,
510,도그스테이블,춘천,강원 춘천시 안마산로 294-30,식음료,37.84389915,127.7454031,
511,레인코브,춘천,강원 춘천시 소양고개길 17-1,식음료,37.88432886,127.7253033,
512,마론과자점,춘천,"강원 춘천시 후석로 449, 1층",식음료,37.88920101,127.7419823,
513,발바닥 애견카페,춘천,강원 춘천시 동내면 거두길 26,식음료,37.86075813,127.7624834,
514,사농동334,춘천,강원 춘천시 영서로 2949-13,식음료,37.91522622,127.7202745,
515,샘토명물닭갈비,춘천,강원 춘천시 신북읍 신샘밭로 729,식음료,37.93136017,127.7903766,
516,세계주류마켓,춘천,강원 춘천시 동내면 순환대로 632,식음료,37.83984386,127.7621803,
517,솔길따라,춘천,강원 춘천시 동면 도토골길 62,식음료,37.8825971,127.772977,
518,쉬러와,춘천,강원 춘천시 신북읍 지내고탄로 246,식음료,37.95182749,127.7309014,
519,스노우,춘천,강원 춘천시 동면 금옥길 132,식음료,37.91680754,127.7957754,033-255-9066
520,슬로우데이,춘천,강원 춘천시 신북읍 배후령1길 70,식음료,37.9373547,127.7772453,
521,신북커피,춘천,강원 춘천시 신북읍 신샘밭로 622-7 신북커피,식음료,37.9296128,127.7788168,
522,어반그린,춘천,강원 춘천시 서면 박사로 732,식음료,37.88437077,127.683179,
523,에를레프니스,춘천,강원 춘천시 동면 만천로 84,식음료,37.88063553,127.7652301,
524,예당앤다울펫,춘천,강원 춘천시 신북읍 신북로 153,식음료,37.93926477,127.7514163,
525,예와생스튜디오카페,춘천,강원 춘천시 동면 가산로 186-5,식음료,37.92083812,127.7822099,
526,오프디,춘천,강원 춘천시 충혼길44번길 22-1,식음료,37.86195958,127.7190861,
527,와이어드커피,춘천,강원 춘천시 동내면 순환대로 632 1층,식음료,37.83984386,127.7621803,
528,유기농카페,춘천,강원 춘천시 신북읍 지내고탄로 184,식음료,37.94628073,127.7303906,
529,이르레,춘천,강원 춘천시 동면 금베이길 63,식음료,37.87620725,127.7854682,
530,인디언독,춘천,강원 춘천시 동면 만천양지길 147-1,식음료,37.89015646,127.7695938,033-253-2250
531,준독라운지,춘천,강원 춘천시 효자로150번길 11-1,식음료,37.87596158,127.7365618,033-254-0045
532,즐거운하루숯불생고기,춘천,강원 춘천시 세실로 100-32,식음료,37.86591971,127.7618478,033-261-6655
533,초이랑,춘천,강원 춘천시 신북읍 배후령길 11,식음료,37.93093459,127.7816213,033-252-5556
534,춘천통나무집닭갈비,춘천,강원 춘천시 신북읍 신샘밭로 763,식음료,37.93311389,127.7932958,033-241-5999
535,칠오닭갈비 춘천점,춘천,강원 춘천시 칠전동 산90-1,식음료,37.84618592,127.6811906,
536,카페 더웨이,춘천,강원 춘천시 신동면 풍류1길 72,식음료,37.81616464,127.7228803,
537,카페나스,춘천,강원 춘천시 신북읍 신샘밭로 706-8,식음료,37.92941846,127.7875224,
538,카페드220볼트,춘천,강원 춘천시 동내면 금촌로 107-27,식음료,37.85697561,127.7837723,033-263-0220
539,카페캐빈,춘천,강원 춘천시 남면 버들길 60-7,식음료,37.7473815,127.6301543,
540,카페하루,춘천,강원 춘천시 신북읍 배후령1길 5,식음료,37.93371006,127.7825422,
541,커멍커멍,춘천,강원 춘천시 동산면 새술막길 691,식음료,37.78615965,127.7560853,033-262-0599
542,쿠키멍스터,춘천,강원 춘천시 춘천로185번길 15 1층,식음료,37.87775911,127.7340229,
543,파머스가든,춘천,강원 춘천시 신북읍 신샘밭로 380,식음료,37.92518928,127.7530288,
544,퍼피쿵,춘천,강원 춘천시 안마산로 34-17,식음료,37.8567333,127.7202741,
545,남이섬 투개더파크,춘천,강원 춘천시 남산면 남이섬길 1,체험,37.79012495,127.5261287,031-580-8008
546,물길로(의암호 킹카누),춘천,강원 춘천시 송암동 684 물길로 킹카누 나루터,체험,37.85579048,127.6853596,033-251-9600
547,반갑다창문밖고양이,춘천,강원 춘천시 삭주로80번길 5,체험,37.8831602,127.7400207,033-244-8636
548,삼악산호수케이블카,춘천,강원 춘천시 스포츠타운길 245,체험,37.86445399,127.6913647,
549,스튜디오 도란도란,춘천,강원 춘천시 동면 춘천순환로 465-5 도란도란,체험,37.88224961,127.7645414,
550,준독트레이닝센터,춘천,강원 춘천시 서면 노동길 71,체험,37.84040675,127.5879998,
551,춘천 물레길,춘천,강원 춘천시 스포츠타운길 113-1,체험,37.85496429,127.6857679,
552,춘천 반려동물 페스티벌,춘천,강원 춘천시 서면 박사로 854 강원정보문화산업진흥원,체험,37.89306106,127.6918926,
553,춘천의암호스카이워크,춘천,강원 춘천시 칠전동 485,체험,37.84711396,127.6799464,033-253-3700
554,히포코코,춘천,강원 춘천시 중앙로67번길 9,체험,37.87881136,127.7272206,
555,태백동물병원,태백,강원 태백시 번영로 212,동물병원,37.16237564,128.9851583,
556,홍현관동물병원,태백,강원 태백시 황지로 80,동물병원,37.16590301,128.991833,033-552-9117
557,구문소농촌체험휴양마을,태백,강원 태백시 사군드리길7,숙박,37.0932456,129.0379765,
558,오투리조트,태백,강원 태백시 서학로 861,숙박,37.17067232,128.9480838,033-580-7000
559,구문소카페,태백,강원 태백시 사군드리길 9,식음료,37.0930201,129.0380079,
560,몽토랑제빵소,태백,강원 태백시 효자1길 27-2,식음료,37.18194586,128.9641515,
561,인생상점카페봄눈,태백,강원 태백시 서학로 1081,식음료,37.15447028,128.9831498,
562,몽토랑산양목장,태백,강원 태백시 효자1길 27-2,체험,37.18194586,128.9641515,033-553-0102
563,태백시 반려동물 놀이터,태백,강원 태백시 소도동 24-2,체험,37.132628,128.9713257,033-550-2118
564,국민의숲,평창,강원 평창군 대관령마루길 340,관광지,37.68450966,128.7406956,033-330-2724
565,대관령 하늘목장,평창,강원 평창군 대관령면 꽃밭양지길 458-23,관광지,37.71174234,128.7321394,033-332-8061~3
566,막동계곡,평창,강원 평창군 진부면 막동리 110,관광지,37.51106145,128.5611487,033-330-2771
567,장전계곡,평창,강원 평창군 진부면 장전길 2,관광지,37.48884146,128.5423307,033-330-2724
568,허브나라농원,평창,강원 평창군 봉평면 흥정계곡길 225,관광지,37.63580936,128.3426513,033-335-2902
569,국립축산과학원 가금연구소 동물병원,평창,강원 평창군 대관령면 횡계리 산 1-169 고령지 시험장,동물병원,37.68612989,128.7369079,033-330-9500
570,국립축산과학원 한우연구소 동물병원,평창,강원 평창군 대관령면 차항리 268 한우시험장,동물병원,37.6889428,128.6768346,033-330-0617
571,서울대학교 평창캠퍼스 대동물병원,평창,강원 평창군 대화면 평창대로 1597,동물병원,37.55473593,128.4376429,033-339-6116
572,평창영월정선축협 동물병원,평창,강원 평창군 평창읍 백오로 9,동물병원,37.36819794,128.390482,033-334-2312
573,가을동화펜션,평창,강원 평창군 봉평면 흥정계곡길 72,숙박,37.62729821,128.3519084,
574,그랑샤리오,평창,강원 평창군 방림면 감동지길 104,숙박,37.47864698,128.273028,
575,대박이하우스,평창,강원 평창군 봉평면 진조2길 281-4 대박이하우스,숙박,37.55602399,128.3165773,
576,도그밀리,평창,강원 평창군 방림면 감동지길 100,숙박,37.47814069,128.2729485,
577,라마다호텔&스위트평창,평창,강원 평창군 대관령면 오목길 107,숙박,37.66003633,128.717992,033-333-1000
578,라비앙펜션,평창,강원 평창군 봉평면 봉평북로 250-60,숙박,37.62054783,128.3501419,
579,모나 용평,평창,강원 평창군 대관령면 올림픽로 715,숙박,37.65094489,128.7055566,033-335-5757
580,백운정원,평창,강원 평창군 봉평면 팔송로 208-8,숙박,37.61237932,128.3147935,
581,보물섬캠핑장,평창,강원 평창군 봉평면 거품소길 349-6,숙박,37.55262093,128.3916694,033-334-7859
582,봄여름가을겨울,평창,강원 평창군 봉평면 거품소길 269,숙박,37.55830796,128.3895802,
583,북극곰 야영장,평창,강원 평창군 봉평면 흥정계곡길 313-3,숙박,37.63763451,128.3388087,033-333-2019
584,샬레리조트,평창,강원 평창군 봉평면 석이바우길 71-20,숙박,37.57578605,128.3491064,033-334-5635
585,아침에새소리,평창,강원 평창군 봉평면 백운동길 60-6,숙박,37.61691602,128.3420802,
586,아침의소리,평창,강원 평창군 봉평면 무이진등길 77-70,숙박,37.59823945,128.3439652,
587,으지네민박,평창,강원 평창군 진부면 탑동길 108-16,숙박,37.69467891,128.5597841,
588,청옥산깨비마을 캠핑장,평창,강원 평창군 미탄면 수리재길 21,숙박,37.36782854,128.4853593,
589,펜션 숲속하얀뜰,평창,강원 평창군 봉평면 석이바우길 92-28,숙박,37.57531188,128.3535066,
590,평창듀오애견수영장계곡펜션,평창,강원 평창군 방림면 감동지길 116-4,숙박,37.47929352,128.2737453,
591,한화리조트 평창,평창,강원 평창군 봉평면 태기로 228-33,숙박,37.57876751,128.3317559,033-334-6100
592,홀리데이인스위트,평창,강원 평창군 대관령면 솔봉로 325,숙박,37.65925417,128.6840107,033-339-0000
593,휘닉스평창리조트,평창,강원 평창군 봉평면 태기로 174,숙박,37.58246341,128.3268678,
594,힐링하시개,평창,강원 평창군 봉평면 안흥동길 132-7,숙박,37.58625753,128.3082477,
595,대관령한우프라자,평창,강원 평창군 봉평면 무이진등길 37,식음료,37.60341371,128.3413708,
596,바셀로,평창,강원 평창군 용평면 느므골길 53,식음료,37.5775698,128.4278475,033-333-0032
597,산너미팜,평창,강원 평창군 미탄면 산너미길 210,식음료,37.36630062,128.4707418,
598,송어의집,평창,강원 평창군 평창읍 아랫상리길 19-4,식음료,37.36375359,128.4155969,
599,옐로우트리카페,평창,강원 평창군 미탄면 평안한치길 505-94,식음료,37.37618773,128.5217455,
600,좋은날케이크,평창,"강원 평창군 진부면 청송로 88-11, 1층",식음료,37.63611648,128.5564006,
601,카페우리집,평창,강원 평창군 방림면 운지로 75-27,식음료,37.43496775,128.290645,
602,풀내음,평창,강원 평창군 봉평면 메밀꽃길 13,식음료,37.61485282,128.3712418,033-335-0034
603,대성온누리 약국,평창,강원 평창군 평창읍 백오로 95,약국,37.36780931,128.3952821,033-332-2504
604,미방약국,평창,강원 평창군 대화면 대화중앙로 117,약국,37.49940532,128.4550146,033-333-2911
605,봉평약국,평창,강원 평창군 봉평면 기풍로 145,약국,37.61548067,128.3781162,033-335-3151
606,우리들 약국,평창,강원 평창군 진부면 진부중앙로 84,약국,37.63852311,128.5599968,033-336-0900
607,일번가온누리약국,평창,강원 평창군 진부면 진부중앙로 74-2,약국,37.6376852,128.5592938,033-333-7300
608,중앙당약국,평창,강원 평창군 진부면 진부중앙로 75,약국,37.63807468,128.5590541,033-335-7133
609,진부약국,평창,강원 평창군 진부면 진부중앙로 68-1,약국,37.63729869,128.5589686,033-335-1722
610,대관령주주파크,평창,강원 평창군 대관령면 꽃밭양지길 51-30,체험,37.67816358,128.7075494,
611,순수양떼목장,평창,강원 평창군 대관령면 오목길 111,체험,37.65885258,128.7197653,033-335-1497
612,하늘목장,평창,강원 평창군 대관령면 꽃밭양지길 458-23,체험,37.71174234,128.7321394,033-332-8061~3
613,강원동물병원,홍천,강원 홍천군 무궁화로 90,동물병원,37.68559866,127.8783453,033-434-8252
614,도담동물의료센터,홍천,강원 홍천군 홍천읍 소옥개로 66,동물병원,37.69745646,127.9002717,033-433-7553
615,봄동물병원,홍천,강원 홍천군 홍천읍 무궁화로 44,동물병원,37.68363736,127.8738974,033-436-7582
616,신흥동물병원,홍천,강원 홍천군 홍천읍 번영로 61-1,동물병원,37.69047033,127.887207,033-434-2206
617,우리동물병원,홍천,강원 홍천군 홍천읍 홍천로 420,동물병원,37.69191423,127.8909661,033-436-7502
618,윤성철동물병원,홍천,강원 홍천군 홍천읍 홍천로 383,동물병원,37.69001809,127.8877894,
619,강나루황토집,홍천,강원 홍천군 서면 도롱골길147번길 21,숙박,37.69048859,127.7115528,
620,놀러와펜션,홍천,강원 홍천군 서면 개야마을길 172-1,숙박,37.69663298,127.6389063,
621,레이지507B,홍천,강원 홍천군 서석면 고분대월길 14-27,숙박,37.69958265,128.2469024,
622,메이슨독채펜션,홍천,강원 홍천군 서면 한치골길 925-30,숙박,37.69287766,127.6974387,
623,소노펫클럽앤리조트,홍천,강원 홍천군 서면 한치골길 262,숙박,37.65233706,127.6873348,
624,신영펜션,홍천,강원 홍천군 서면 한치골길 75-12,숙박,37.62763914,127.6671735,033-435-8666
625,엘페로애견펜션,홍천,강원 홍천군 서면 한서로 2019,숙박,37.62483522,127.6632425,
626,펜션 아이리스,홍천,강원 홍천군 서면 굴업솔골길 60-9,숙박,37.62156995,127.6751366,
627,풀스테이 스테이펫 홍천,홍천,강원 홍천군 화촌면 답연밭길 5-11,숙박,37.73756143,128.0283059,
628,홍천밸리애견펜션,홍천,강원 홍천군 서면 굴업솔골길 84-13,숙박,37.62307632,127.6776613,
629,힐리언스 선마을,홍천,강원 홍천군 서면 종자산길 122,숙박,37.65154223,127.6303412,
630,비발디파크 셰프스키친,홍천,강원 홍천군 서면 한치골길 262 소노캄 D동 지하 1층,식음료,37.65233706,127.6873348,033-439-7437
631,손탁커피,홍천,강원 홍천군 화촌면 홍천로 1065,식음료,37.73530949,127.936758,
632,시크릿가든,홍천,강원 홍천군 화촌면 성산로 162,식음료,37.77167187,127.9687323,
633,써라운드 슬로우,홍천,강원 홍천군 내촌면 가래올길 91-17,식음료,37.80498196,128.0852506,
634,어도러블독,홍천,강원 홍천군 홍천읍 홍천로 491 2층,식음료,37.69717376,127.8947296,
635,테라스의아침,홍천,강원 홍천군 서면 팔봉강변길 217 테라스의아침카페,식음료,37.69713728,127.7103616,
636,테샤로바,홍천,강원 홍천군 홍천읍 홍천로 548,식음료,37.70102359,127.8993146,
637,홍시,홍천,강원 홍천군 서면 팔봉산로 96,식음료,37.64920936,127.6522347,
638,홍천원조화로구이,홍천,강원 홍천군 홍천읍 양지말길 17-8,식음료,37.65990308,127.8311823,033-435-8613
639,굿모닝약국,홍천,강원 홍천군 홍천읍 갈마로 15,약국,37.69276059,127.8983044,033-432-7598
640,김순한약국,홍천,강원 홍천군 영귀미면 공작산로 480,약국,37.67789727,127.9329985,033-436-1914
641,농민약국,홍천,강원 홍천군 홍천읍 홍천로 315,약국,37.68872361,127.8804098,033-433-1413
642,늘푸른약국,홍천,강원 홍천군 홍천읍 홍천로 316,약국,37.68827075,127.8803199,033-435-5662
643,라임약국,홍천,강원 홍천군 화촌면 성산로 150,약국,37.7708384,127.9677267,
644,메디팜 가까운약국,홍천,강원 홍천군 홍천읍 너브내길 37-9 (홍천읍),약국,37.68795154,127.8833195,033-434-8484
645,미약국,홍천,강원 홍천군 서면 한치골길 262,약국,37.65210315,127.6871063,033-439-7337
646,미키팜약국,홍천,강원 홍천군 홍천읍 홍천로 326,약국,37.68807635,127.8816555,033-433-3721
647,민약국,홍천,강원 홍천군 홍천읍 홍천로7길 13-1,약국,37.69039894,127.8854379,033-434-2416
648,박약국,홍천,강원 홍천군 홍천읍 홍천로 366,약국,37.68896877,127.8859429,033-435-8277
649,봄한약국,홍천,강원 홍천군 홍천읍 꽃뫼로 54-3,약국,37.69057196,127.8796672,033-435-0020
650,서석시민약국,홍천,강원 홍천군 서석면 구룡령로 2534-1 (서석면),약국,37.71212626,128.1863988,033-433-5334
651,세광약국,홍천,"강원 홍천군 홍천읍 홍천로 476-10,",약국,37.69546946,127.895095,033-434-5247
652,신영진약국,홍천,강원 홍천군 홍천읍 홍천로3길 9,약국,37.6894203,127.8801708,033-434-2248
653,아산약국,홍천,강원 홍천군 홍천읍 산림공원2길 13 (홍천읍),약국,37.69081381,127.8961862,033-432-8002
654,양덕약국,홍천,강원 홍천군 남면 양덕원로 81,약국,37.61680445,127.7679055,033-432-3600
655,장창만약국,홍천,강원 홍천군 북방면 두개비산로 329,약국,37.7039109,127.8534045,033-434-2030
656,조약국,홍천,강원 홍천군 홍천읍 석화로 4,약국,37.69138794,127.8829469,033-434-2016
657,중앙약국,홍천,강원 홍천군 홍천읍 신장대로 47-1,약국,37.69036548,127.8815344,033-434-3267
658,창촌약국,홍천,강원 홍천군 내면 창촌로 42 (내면),약국,37.77186542,128.3897812,033-436-9886
659,한림약국,홍천,강원 홍천군 홍천읍 꽃뫼로 82,약국,37.69095898,127.8826126,033-434-9977
660,한마음약국,홍천,강원 홍천군 홍천읍 연봉로 35,약국,37.68177446,127.8777435,033-432-1345
661,한빛약국,홍천,강원 홍천군 남면 양덕원2길 15,약국,37.61682577,127.768422,033-432-4443
662,행복을주는약국,홍천,강원 홍천군 홍천읍 홍천로 328 (홍천읍),약국,37.68825509,127.8818725,033-435-3223
663,홍천시민온누리약국,홍천,강원 홍천군 홍천읍 홍천로 356,약국,37.68873279,127.8850088,033-433-2311
664,홍천종로약국,홍천,강원 홍천군 홍천읍 홍천로8길 3,약국,37.68986441,127.886805,033-435-3900
665,홍천종합약국,홍천,강원 홍천군 홍천읍 산림공원1길 15,약국,37.6913461,127.8949152,033-435-0300
666,또멍냥,홍천,강원 홍천군 홍천읍 연봉중앙로 50-1 또멍냥,체험,37.68215688,127.8779049,
667,휘바핀란드,홍천,강원 홍천군 서면 팔봉산로 368,체험,37.66694087,127.65931,033-433-0240 (양떼목장)
668,국제평화아트파크,화천,강원 화천군 화천읍 평화로 3518,관광지,38.21098522,127.8510205,033-440-2361
669,꺼먹다리,화천,강원 화천군 화천읍 대이리 468-3,관광지,38.10663593,127.76235,033-440-2575
670,동구래마을,화천,강원 화천군 하남면 호수길 329,관광지,38.04097051,127.6638804,033-441-6201
671,붕어섬,화천,강원 화천군 화천읍 하리 243,관광지,38.09753607,127.6968739,033-440-2575
672,서오지리 연꽃단지,화천,강원 화천군 하남면 건넌들길 97,관광지,38.04164,127.6542827,033-440-2952
673,세계평화의종공원,화천,강원 화천군 화천읍 평화로 3481-143,관광지,38.21061647,127.851844,033-440-2575
674,아를테마수목원,화천,강원 화천군 하남면 거례리 514-1,관광지,38.07199798,127.6886194,033-440-2575
675,파로호 하트섬,화천,강원 화천군 간동면 도송리 481,관광지,38.064636,127.7952162,033-440-2575
676,평화의 댐,화천,강원 화천군 화천읍 평화로 3481-18,관광지,38.21366506,127.8461595,033-480-1528
677,김남수동물병원,화천,강원 화천군 사내면 사내로 17-1,동물병원,38.07018774,127.5227849,
678,국립화천숲속야영장,화천,강원 화천군 간동면 배후령길 1144 화천숲속야영장,숙박,38.01030672,127.7975555,033-441-4466
679,아폴로천문대펜션,화천,강원 화천군 사내면 천문대길 79-8,숙박,38.108054,127.4436416,
680,평화의댐오토캠핑장,화천,강원 화천군 화천읍 비수구미길 145-145,숙박,38.20652873,127.8501068,033-440-4533
681,화천써비스펜션,화천,강원 화천군 하남면 춘화로 2861-10,숙박,38.06217103,127.6982844,
682,카페정원,화천,강원 화천군 화천읍 가손이길 36,식음료,38.10004603,127.7262461,033-441-9500
683,화천써비스허브정원카페,화천,강원 화천군 하남면 춘화로 2861-10,식음료,38.06217103,127.6982844,
684,엘림독 트레이닝센터,화천,강원 화천군 간동면 간척리길 177,체험,38.02985437,127.8283571,
685,횡성호수길5코스,횡성,강원 횡성군 갑천면 태기로 구방5길 40,관광지,37.54555631,128.0670139,033-345-9657
686,김재문동물병원,횡성,강원 횡성군 횡성읍 문정로 10,동물병원,37.49018689,127.9845844,033-343-5450
687,횡성동물병원,횡성,강원 횡성군 횡성읍 횡성로 390,동물병원,37.48758571,127.9856301,033-344-7200
688,로그캐빈애견펜션,횡성,강원 횡성군 둔내면 고원로425번길 33,숙박,37.49818229,128.2428253,
689,헤이미쉬 펜션,횡성,강원 횡성군 강림면 태종로 567,숙박,37.33592996,128.0979774,
690,곡교리127,횡성,강원 횡성군 횡성읍 횡성로 57 1층,식음료,37.46002873,127.9745099,
691,기억수퍼,횡성,강원 횡성군 횡성읍 대동로 19,식음료,37.49109405,127.9810798,
692,산일리오,횡성,강원 횡성군 둔내면 경강로 5339,식음료,37.56492507,128.2251264,
693,소식하는날,횡성,강원 횡성군 갑천면 외갑천로341번길 114,식음료,37.57464576,128.046728,
694,커피마나코하,횡성,강원 횡성군 공근면 창봉옛길 87,식음료,37.57422818,127.9209789,
695,,,,,,,
696,,,,,,,
697,,,,,,,
698,,,,,,,
699,,,,,,,
700,,,,,,,
